1111000010,現金,資産,C-現金及び預金,0
1111009010,他預貯金-未着資金,資産,C-現金及び預金,0
1111009950,他預貯金-事業領域調整,資産,C-現金及び預金,0
1111009970,他預貯金-会社間取引,資産,C-現金及び預金,0
1111009990,他預貯金-他,資産,C-現金及び預金,0
1121100060,FVTPL(流)-国債,資産,非重要勘定（資産）,0
1121100220,FVTPL(流)-譲渡性預金,資産,非重要勘定（資産）,0
1131001060,総受取手形-一般,資産,E03 受取手形及び関連損益,0
1131001061,総受取手形-一般(統制),資産,E03 受取手形及び関連損益,0
1131001122,総受取手形-提出中(消込),資産,E03 受取手形及び関連損益,0
1131001132,総受取手形-取立中(消込),資産,E03 受取手形及び関連損益,0
1131001140,総受取手形-電子記録債権一般,資産,E03 受取手形及び関連損益,0
1131001900,総受取手形-社内配分,資産,E03 受取手形及び関連損益,0
1131001910,総受取手形-電子記録債権-社内配分,資産,E03 受取手形及び関連損益,0
1131003061,裏書譲渡手形-一般(統制),資産,E03 受取手形及び関連損益,0
1132000060,売掛金(流)-一般,資産,E01-売掛金及び関連損益,0
1132000130,売掛金(流)-進行基準による売掛金,資産,E01-売掛金及び関連損益,0
1132000150,売掛金(流)-未収ロイヤリティ,資産,E01-売掛金及び関連損益,0
1132000190,売掛金(流)-値引等見積額,資産,E01-売掛金及び関連損益,0
1132000900,売掛金-社内配分,資産,E01-売掛金及び関連損益,0
1132000990,売掛金(流)-他,資産,E01-売掛金及び関連損益,0
1151100010,関係会社短貸付-プーリング(日立),資産,G03-短期貸付金、関係会社預け金及び関連損益,0
1151209050,他短貸付金-子会社,資産,G03-短期貸付金、関係会社預け金及び関連損益,0
1151209060,関係会社短貸付金-関連,資産,G03-短期貸付金、関係会社預け金及び関連損益,0
1151209900,その他の短期貸付金-社内配分,資産,G03-短期貸付金、関係会社預け金及び関連損益,0
1151209990,他短貸付金-他,資産,G03-短期貸付金、関係会社預け金及び関連損益,0
1151300000,償還期預貸制度長貸付金,資産,G03-短期貸付金、関係会社預け金及び関連損益,0
1151500010,FVヘッジ契約資産(流)-先物為替予約,資産,S02-デリバティブ・ヘッジ（資産）,0
1151501010,CFヘッジ契約資産(流)-先物為替予約,資産,S02-デリバティブ・ヘッジ（資産）,0
1151600010,関係会社預け金-プーリング(日立),資産,G03-短期貸付金、関係会社預け金及び関連損益,0
1151700010,未収受取利息-甲払利子,資産,非重要勘定（資産）,0
1151700020,未収受取利息-延払利子,資産,非重要勘定（資産）,0
1151700990,未収受取利息-他,資産,非重要勘定（資産）,0
1151800000,未収受取配当金,資産,非重要勘定（資産）,0
1151900010,仮払税金-消費税,資産,G02-未収入金,0
1151900110,仮払税金-FL消費税,資産,G02-未収入金,0
1151900120,仮払税金-輸入物品消費税,資産,G02-未収入金,0
1151909021,,資産,G02-未収入金,0
1151903010,立替金-賃借料,資産,G02-未収入金,0
1151903020,立替金-出向者人件費,資産,G02-未収入金,0
1151903030,立替金-関係会社集中決済,資産,G02-未収入金,0
1151903040,立替金-関係会社,資産,G02-未収入金,0
1151903990,立替金-他,資産,G02-未収入金,0
1151909040,他未収入金-関連,資産,G02-未収入金,0
1151909050,他未収入金-海外関連,資産,G02-未収入金,0
1151909060,他未収入金-一般,資産,G02-未収入金,0
1151909061,他未収入金-一般(統制),資産,G02-未収入金,0
1151909063,他未収入金-一般(外貨),資産,G02-未収入金,0
1151909120,他未収入金-有償支給材料,資産,G02-未収入金,0
1151909130,他未収入金-資産処分代,資産,G02-未収入金,0
1151909131,他未収入金-資産処分代(統制),資産,G02-未収入金,0
1151909140,他未収入金-診療費,資産,G02-未収入金,0
1151909150,他未収入金-渡航費,資産,G02-未収入金,0
1151909160,他未収入金-未収販売手数料,資産,G02-未収入金,0
1151909170,他未収入金-補助金収入,資産,G02-未収入金,0
1151909180,他未収入金-他独立会計,資産,G02-未収入金,0
1151909190,他未収入金-給与計算,資産,G02-未収入金,0
1151909200,他未収入金-資材,資産,G02-未収入金,0
1151909220,他未収入金-未収保険金,資産,G02-未収入金,0
1151909280,他未収入金-有価証券等,資産,G02-未収入金,0
1151909990,他未収入金-他,資産,G02-未収入金,0
1151909992,他未収入金-他(消込),資産,G02-未収入金,0
1151940010,連結納税債権-個社,資産,G02-未収入金,0
1151940020,連結納税債権-連納主,資産,G02-未収入金,0
1151999900,その他の金融資産-社内配分,資産,G02-未収入金,0
1161200010,仕込品-事業所,資産,F-棚卸資産及び関連損益,0
1161200030,仕込品-戻り品,資産,F-棚卸資産及び関連損益,0
1161200040,仕込品-預託品,資産,F-棚卸資産及び関連損益,0
1161200050,仕込品-低価法評価減,資産,F-棚卸資産及び関連損益,0
1161200810,仕込品-他1,資産,F-棚卸資産及び関連損益,0
1161200820,仕込品-他2,資産,F-棚卸資産及び関連損益,0
1161201010,注文品-発送品,資産,F-棚卸資産及び関連損益,0
1161201020,注文品-戻り品,資産,F-棚卸資産及び関連損益,0
1161201030,注文品-未発送品,資産,F-棚卸資産及び関連損益,0
1161201040,注文品-発送費滞留額,資産,F-棚卸資産及び関連損益,0
1161201810,注文品-他1,資産,F-棚卸資産及び関連損益,0
1161201820,注文品-他2,資産,F-棚卸資産及び関連損益,0
1161201830,注文品-他3,資産,F-棚卸資産及び関連損益,0
1161201840,注文品-他4,資産,F-棚卸資産及び関連損益,0
1161201860,注文品-他6,資産,F-棚卸資産及び関連損益,0
1161201870,注文品-他7,資産,F-棚卸資産及び関連損益,0
1161201990,注文品-他,資産,F-棚卸資産及び関連損益,0
1161202010,貸付品-社外,資産,F-棚卸資産及び関連損益,0
1161202020,貸付品-社内貸付品,資産,F-棚卸資産及び関連損益,0
1161202990,貸付品-他,資産,F-棚卸資産及び関連損益,0
1161209000,製品原価差額調整額,資産,F-棚卸資産及び関連損益,0
1161300010,半製品-仕込部品,資産,F-棚卸資産及び関連損益,0
1161300020,半製品-サービス部品,資産,F-棚卸資産及び関連損益,0
1161300060,半製品-低価法評価減,資産,F-棚卸資産及び関連損益,0
1161300810,半製品-他1,資産,F-棚卸資産及び関連損益,0
1161300850,半製品-他5,資産,F-棚卸資産及び関連損益,0
1161300990,半製品-他,資産,F-棚卸資産及び関連損益,0
1161301010,取纏未完品-発送品,資産,F-棚卸資産及び関連損益,0
1161301020,取纏未完品-未発送品,資産,F-棚卸資産及び関連損益,0
1161301030,取纏未完品-発送費滞留額,資産,F-棚卸資産及び関連損益,0
1161301840,取纏未完品-他4,資産,F-棚卸資産及び関連損益,0
1161301990,取纏未完品-他,資産,F-棚卸資産及び関連損益,0
1161309000,半製品原価差額調整額,資産,F-棚卸資産及び関連損益,0
1161400010,資材-常備品,資産,F-棚卸資産及び関連損益,0
1161400020,資材-利材品,資産,F-棚卸資産及び関連損益,0
1161400100,資材-低価法評価減,資産,F-棚卸資産及び関連損益,0
1161400810,資材-他1,資産,F-棚卸資産及び関連損益,0
1161400820,資材-他2,資産,F-棚卸資産及び関連損益,0
1161400830,資材-他3,資産,F-棚卸資産及び関連損益,0
1161400840,資材-他4,資産,F-棚卸資産及び関連損益,0
1161400900,資材-社内配分,資産,F-棚卸資産及び関連損益,0
1161400990,資材-他,資産,F-棚卸資産及び関連損益,0
1161401010,現場-部分品,資産,F-棚卸資産及び関連損益,0
1161401020,現場-小口材料,資産,F-棚卸資産及び関連損益,0
1161401040,現場-製造部門,資産,F-棚卸資産及び関連損益,0
1161401050,現場-特殊治工具,資産,F-棚卸資産及び関連損益,0
1161401060,現場-研究品,資産,F-棚卸資産及び関連損益,0
1161401070,現場-ソフト,資産,F-棚卸資産及び関連損益,0
1161401090,現場-貯蔵品,資産,F-棚卸資産及び関連損益,0
1161401110,現場-有姿除却,資産,F-棚卸資産及び関連損益,0
1161401120,現場-低価法評価減,資産,F-棚卸資産及び関連損益,0
1161401810,現場-他1,資産,F-棚卸資産及び関連損益,0
1161401830,現場-他3,資産,F-棚卸資産及び関連損益,0
1161401840,現場-他4,資産,F-棚卸資産及び関連損益,0
1161401850,現場-他5,資産,F-棚卸資産及び関連損益,0
1161401990,現場-他,資産,F-棚卸資産及び関連損益,0
1161402010,厚生他-病院・診療所,資産,F-棚卸資産及び関連損益,0
1161402020,厚生他-福利厚生施設,資産,F-棚卸資産及び関連損益,0
1161402990,厚生他-他,資産,F-棚卸資産及び関連損益,0
1161403010,未着品-社外,資産,F-棚卸資産及び関連損益,0
1161403020,未着品-社内,資産,F-棚卸資産及び関連損益,0
1161403990,未着品-他,資産,F-棚卸資産及び関連損益,0
1161409010,材料原価差額調整額-受入差額,資産,F-棚卸資産及び関連損益,0
1161500010,仕掛品-事業所間振替用,資産,F-棚卸資産及び関連損益,0
1161500020,仕掛品-発送品,資産,F-棚卸資産及び関連損益,0
1161500030,仕掛品-試作品,資産,F-棚卸資産及び関連損益,0
1161500040,仕掛品-研究品,資産,F-棚卸資産及び関連損益,0
1161500050,仕掛品-補経部門,資産,F-棚卸資産及び関連損益,0
1161500060,仕掛品-製造部門,資産,F-棚卸資産及び関連損益,0
1161500070,仕掛品-特殊治工具,資産,F-棚卸資産及び関連損益,0
1161500080,仕掛品-工事進行基準,資産,F-棚卸資産及び関連損益,0
1161500090,仕掛品-自社利用ソフト,資産,F-棚卸資産及び関連損益,0
1161500100,仕掛品-振替未済金,資産,F-棚卸資産及び関連損益,0
1161500110,仕掛品-ｼｽﾃﾑ進行基準,資産,F-棚卸資産及び関連損益,0
1161500120,仕掛品-低価法評価減,資産,F-棚卸資産及び関連損益,0
1161500810,仕掛品-他1,資産,F-棚卸資産及び関連損益,0
1161500820,仕掛品-他2,資産,F-棚卸資産及び関連損益,0
1161500830,仕掛品-他3,資産,F-棚卸資産及び関連損益,0
1161500840,仕掛品-他4,資産,F-棚卸資産及び関連損益,0
1161500850,仕掛品-他5,資産,F-棚卸資産及び関連損益,0
1161500860,仕掛品-他6,資産,F-棚卸資産及び関連損益,0
1161500870,仕掛品-他7,資産,F-棚卸資産及び関連損益,0
1161500880,仕掛品-他8,資産,F-棚卸資産及び関連損益,0
1161500890,仕掛品-他9,資産,F-棚卸資産及び関連損益,0
1161500990,仕掛品-他,資産,F-棚卸資産及び関連損益,0
1161500991,仕掛品-他(統制),資産,F-棚卸資産及び関連損益,0
1161509010,仕掛品原価差額調整額-原価賦課済金,資産,F-棚卸資産及び関連損益,0
1161509020,仕掛品原価差額調整額-その他,資産,F-棚卸資産及び関連損益,0
1171100010,繰延税金資産総額(流)-一時差異,資産,O-未払税金・税効果（資産）,0
1171100020,繰延税金資産総額(流)-時価評価差額,資産,O-未払税金・税効果（資産）,0
1171100900,繰延税金資産総額(流動)-社内配分,資産,O-未払税金・税効果（資産）,0
1171100910,繰延資産総額(流)-繰延ヘッジ-社内配分,資産,O-未払税金・税効果（資産）,0
1171200000,未認識の繰延税金資産(流),資産,O-未払税金・税効果（資産）,0
1189109990,他前払費用-他,資産,非重要勘定（資産）,0
1189200110,前渡金-受託品,資産,G01-前渡金,0
1189200120,前渡金-外注品,資産,G01-前渡金,0
1189200130,前渡金-外注品消費税分,資産,G01-前渡金,0
1189200140,前渡金-受託品消費税分,資産,G01-前渡金,0
1189200160,前渡金-資材部扱い外注品代,資産,G01-前渡金,0
1189200990,前渡金-他,資産,G01-前渡金,0
1189309010,他整理未済金-販売手数料,資産,G04-整理未済金,0
1189309020,他整理未済金-特許料,資産,G04-整理未済金,0
1189309030,他整理未済金-労働保険料,資産,G04-整理未済金,0
1189309040,他整理未済金-組立保険料,資産,G04-整理未済金,0
1189309050,他整理未済金-輸出保険料,資産,G04-整理未済金,0
1189309060,他整理未済金-現地通貨,資産,G04-整理未済金,0
1189309080,他整理未済金-固定資産税,資産,G04-整理未済金,0
1189309090,他整理未済金-海外事務所,資産,G04-整理未済金,0
1189309100,他整理未済金-発送費,資産,G04-整理未済金,0
1189309110,他整理未済金-展博出展費用,資産,G04-整理未済金,0
1189309120,他整理未済金-平準化,資産,G04-整理未済金,0
1189309130,他整理未済金-保険付事故手直し費用,資産,G04-整理未済金,0
1189309150,他整理未済金-給与計算,資産,G04-整理未済金,0
1189309160,他整理未済金-材料扱,資産,G04-整理未済金,0
1189309170,他整理未済金-経費扱,資産,G04-整理未済金,0
1189309180,他整理未済金-受託品扱,資産,G04-整理未済金,0
1189309190,他整理未済金-新営扱,資産,G04-整理未済金,0
1189309980,他整理未済金-他販直費,資産,G04-整理未済金,0
1189309990,他整理未済金-他,資産,G04-整理未済金,0
1189309991,他整理未済金-他(統制),資産,G04-整理未済金,0
1189309992,他整理未済金-他(消込),資産,G04-整理未済金,0
1189900010,従業員立替金-診療費,資産,非重要勘定（資産）,0
1189900020,従業員立替金-渡航費,資産,非重要勘定（資産）,0
1189900030,従業員立替金-私費取立金　一括振替分,資産,非重要勘定（資産）,0
1189900040,従業員立替金-出向者等未回収,資産,非重要勘定（資産）,0
1189900080,従業員立替金-下がり金,資産,非重要勘定（資産）,0
1189900090,従業員立替金-国内旅費精算金,資産,非重要勘定（資産）,0
1189900100,従業員立替金-労働保険料,資産,非重要勘定（資産）,0
1189900130,従業員立替金-海研生前渡し給与,資産,非重要勘定（資産）,0
1189900990,従業員立替金-他(非統制),資産,非重要勘定（資産）,0
1189901010,従業員立替金(財務控除金)-診療費,資産,非重要勘定（資産）,0
1189901020,従業員立替金(財務控除金)-海外渡航,資産,非重要勘定（資産）,0
1189901030,従業員立替金(財務控除金)-他会費,資産,非重要勘定（資産）,0
1189901040,従業員立替金(財務控除金)-住宅料,資産,非重要勘定（資産）,0
1189901050,従業員立替金(財務控除金)-寮費,資産,非重要勘定（資産）,0
1189901080,従業員立替金(財務控除金)-食事代,資産,非重要勘定（資産）,0
1189901110,従業員立替金(財務控除金)-給与システム,資産,非重要勘定（資産）,0
1189901990,従業員立替金(財務控除金)-他,資産,非重要勘定（資産）,0
1189902010,従業員立替金(組合)-労働組合,資産,非重要勘定（資産）,0
1189902020,従業員立替金(組合)-労働組合支部,資産,非重要勘定（資産）,0
1189902030,従業員立替金(組合)-健康組合,資産,非重要勘定（資産）,0
1189902040,従業員立替金(組合)-健康組合支部,資産,非重要勘定（資産）,0
1189902050,従業員立替金(組合)-企業年金基金,資産,非重要勘定（資産）,0
1189902990,従業員立替金(組合)-その他,資産,非重要勘定（資産）,0
1189903010,概算渡金-小口現金,資産,G05-概算渡金,0
1189903020,概算渡金-切手,資産,G05-概算渡金,0
1189903030,概算渡金-印紙,資産,G05-概算渡金,0
1189903050,概算渡金-小口現金他,資産,G05-概算渡金,0
1189903060,概算渡金-出張所資金,資産,G05-概算渡金,0
1189903070,概算渡金-海外駐在所資金,資産,G05-概算渡金,0
1189903080,概算渡金-従業員旅費,資産,G05-概算渡金,0
1189903090,概算渡金-交際費,資産,G05-概算渡金,0
1189903100,概算渡金-諸経費,資産,G05-概算渡金,0
1189903110,概算渡金-海外事務所,資産,G05-概算渡金,0
1189903130,概算渡金-一般渡航費,資産,G05-概算渡金,0
1189903140,概算渡金-研修留学渡航費,資産,G05-概算渡金,0
1189903150,概算渡金-在外勤務渡航費,資産,G05-概算渡金,0
1189903190,概算渡金-海外渡航費他,資産,G05-概算渡金,0
1189903200,概算渡金-回数乗車券,資産,G05-概算渡金,0
1189903210,概算渡金-配当金,資産,G05-概算渡金,0
1189903990,概算渡金-他,資産,G05-概算渡金,0
1189909990,他流動資産-他,資産,非重要勘定（資産）,0
1191100900,貸引(流動)-社内配分,資産,E02-貸倒引当金及び関連損益（資産）,0
1191100990,一般債権貸引(流)-他,資産,E02-貸倒引当金及び関連損益（資産）,0
1191200990,貸倒懸念債権貸引(流)-他,資産,E02-貸倒引当金及び関連損益（資産）,0
1210110000,借手Fリース建物(取得),資産,Q02-リース資産及び債務（資産）,0
1210110001,借手Fリース建物(取得)-(統制),資産,Q02-リース資産及び債務（資産）,0
1210111000,借手Fリース構築物(取得),資産,Q02-リース資産及び債務（資産）,0
1210111001,借手Fリース構築物(取得)-(統制),資産,Q02-リース資産及び債務（資産）,0
1210112000,借手Fリース機械装置(取得),資産,Q02-リース資産及び債務（資産）,0
1210112001,借手Fリース機械装置(取得)-(統制),資産,Q02-リース資産及び債務（資産）,0
1210113000,借手Fリース車両運搬具(取得),資産,Q02-リース資産及び債務（資産）,0
1210113001,借手Fリース車両運搬具(取得)-(統制),資産,Q02-リース資産及び債務（資産）,0
1210114000,借手Fリース器具備品(取得),資産,Q02-リース資産及び債務（資産）,0
1210114001,借手Fリース器具備品(取得)-(統制),資産,Q02-リース資産及び債務（資産）,0
1210120000,オペレーティングリース建物(取得),資産,Q02-リース資産及び債務（資産）,0
1210130000,建物(取得),資産,K-有形固定資産及び関連損益,0
1210130001,建物(取得)-(統制),資産,K-有形固定資産及び関連損益,0
1210131000,構築物(取得),資産,K-有形固定資産及び関連損益,0
1210131001,構築物(取得)-(統制),資産,K-有形固定資産及び関連損益,0
1210140000,機械装置(取得),資産,K-有形固定資産及び関連損益,0
1210140001,機械装置(取得)-(統制),資産,K-有形固定資産及び関連損益,0
1210150000,車両運搬具(取得),資産,K-有形固定資産及び関連損益,0
1210150001,車両運搬具(取得)-(統制),資産,K-有形固定資産及び関連損益,0
1210160000,一般器具備品(取得),資産,K-有形固定資産及び関連損益,0
1210160001,一般器具備品(取得)-(統制),資産,K-有形固定資産及び関連損益,0
1210162000,冶工具(取得),資産,K-有形固定資産及び関連損益,0
1210162001,冶工具(取得)-(統制),資産,K-有形固定資産及び関連損益,0
1210163000,賃貸営業資産(取得),資産,K-有形固定資産及び関連損益,0
1210170000,土地(取得),資産,K-有形固定資産及び関連損益,0
1210170001,土地(取得)-(統制),資産,K-有形固定資産及び関連損益,0
1210180000,建設仮勘定(取得),資産,K-有形固定資産及び関連損益,0
1210180001,建設仮勘定(取得)-(統制),資産,K-有形固定資産及び関連損益,0
1211110010,借手FL建物(累計)-償却,資産,Q02-リース資産及び債務（資産）,0
1211110011,借手FL建物(累計)-償却(統制),資産,Q02-リース資産及び債務（資産）,0
1211110020,借手FL建物(累計)-減損,資産,Q02-リース資産及び債務（資産）,0
1211110021,借手FL建物(累計)-減損(統制),資産,Q02-リース資産及び債務（資産）,0
1211111011,借手FL構築物(累計)-償却(統制),資産,Q02-リース資産及び債務（資産）,0
1211112010,借手FL機械装置(累計)-償却,資産,Q02-リース資産及び債務（資産）,0
1211112011,借手FL機械装置(累計)-償却(統制),資産,Q02-リース資産及び債務（資産）,0
1211112021,借手FL機械装置(累計)-減損(統制),資産,Q02-リース資産及び債務（資産）,0
1211113011,借手FL車両運搬具(累計)-償却(統制),資産,Q02-リース資産及び債務（資産）,0
1211114010,借手FL一般器具備品(累計)-償却,資産,Q02-リース資産及び債務（資産）,0
1211114011,借手FL一般器具備品(累計)償却(統制),資産,Q02-リース資産及び債務（資産）,0
1211114020,借手FL一般器具備品(累計)-減損,資産,Q02-リース資産及び債務（資産）,0
1211114021,借手FL一般器具備品(累計)減損(統制),資産,Q02-リース資産及び債務（資産）,0
1211130010,建物(累計)-償却,資産,K-有形固定資産及び関連損益,0
1211130011,建物(累計)-償却(統制),資産,K-有形固定資産及び関連損益,0
1211130020,建物(累計)-減損,資産,K-有形固定資産及び関連損益,0
1211130021,建物(累計)-減損(統制),資産,K-有形固定資産及び関連損益,0
1211131010,構築物(累計)-償却,資産,K-有形固定資産及び関連損益,0
1211131011,構築物(累計)-償却(統制),資産,K-有形固定資産及び関連損益,0
1211131020,構築物(累計)-減損,資産,K-有形固定資産及び関連損益,0
1211131021,構築物(累計)-減損(統制),資産,K-有形固定資産及び関連損益,0
1211140010,機械装置(累計)-償却,資産,K-有形固定資産及び関連損益,0
1211140011,機械装置(累計)-償却(統制),資産,K-有形固定資産及び関連損益,0
1211140020,機械装置(累計)-減損,資産,K-有形固定資産及び関連損益,0
1211140021,機械装置(累計)-減損(統制),資産,K-有形固定資産及び関連損益,0
1211150010,車両運搬具(累計)-償却,資産,K-有形固定資産及び関連損益,0
1211150011,車両運搬具(累計)-償却(統制),資産,K-有形固定資産及び関連損益,0
1211150020,車両運搬具(累計)-減損,資産,K-有形固定資産及び関連損益,0
1211150021,車両運搬具(累計)-減損(統制),資産,K-有形固定資産及び関連損益,0
1211160010,一般器具備品(累計)-償却,資産,K-有形固定資産及び関連損益,0
1211160011,一般器具備品(累計)-償却(統制),資産,K-有形固定資産及び関連損益,0
1211160020,一般器具備品(累計)-減損,資産,K-有形固定資産及び関連損益,0
1211160021,一般器具備品(累計)-減損(統制),資産,K-有形固定資産及び関連損益,0
1211162010,冶工具(累計)-償却,資産,K-有形固定資産及び関連損益,0
1211162011,冶工具(累計)-償却(統制),資産,K-有形固定資産及び関連損益,0
1211162020,冶工具(累計)-減損,資産,K-有形固定資産及び関連損益,0
1211162021,冶工具(累計)-減損(統制),資産,K-有形固定資産及び関連損益,0
1211163010,賃貸営業資産(累計)-償却,資産,K-有形固定資産及び関連損益,0
1211163020,賃貸営業資産(累計)-減損,資産,K-有形固定資産及び関連損益,0
1211170020,土地(累計)-減損,資産,K-有形固定資産及び関連損益,0
1211170021,土地(累計)-減損(統制),資産,K-有形固定資産及び関連損益,0
1211180021,建設仮勘定(累計)-減損(統制),資産,K-有形固定資産及び関連損益,0
1220110000,借FL無形資産(取),資産,Q02-リース資産及び債務（資産）,0
1220110001,借FL無形資産(取)-(統制),資産,Q02-リース資産及び債務（資産）,0
1220160000,特許権(取得),資産,L-無形固定資産及び関連損益,0
1220160001,特許権(取得)-(統制),資産,L-無形固定資産及び関連損益,0
1220170000,市場販売目的ソフトウェア(取得),資産,L-無形固定資産及び関連損益,0
1220180000,自社利用開発ソフトウェア(取得),資産,L-無形固定資産及び関連損益,0
1220180001,自社利用開発ソフト(取得)-(統制),資産,L-無形固定資産及び関連損益,0
1220181000,自社利用購入ソフトウェア(取得),資産,L-無形固定資産及び関連損益,0
1220181001,自社利用購入ソフト(取得)-(統制),資産,L-無形固定資産及び関連損益,0
1220190000,販売用ソフトウェア仮勘定(取得),資産,L-無形固定資産及び関連損益,0
1220191000,自社利用開発ソフトウェア仮勘定(取得),資産,L-無形固定資産及び関連損益,0
1220191001,自社利用開発ソフト仮(取得)-(統制),資産,L-無形固定資産及び関連損益,0
1220200000,借地権(取得),資産,L-無形固定資産及び関連損益,0
1220201000,施設利用権(取得),資産,L-無形固定資産及び関連損益,0
1220201001,施設利用権(取得)-(統制),資産,L-無形固定資産及び関連損益,0
1220202000,電話加入権(取得),資産,L-無形固定資産及び関連損益,0
1220202001,電話加入権(取得)-(統制),資産,L-無形固定資産及び関連損益,0
1220203000,商標権(取得),資産,L-無形固定資産及び関連損益,0
1220203001,商標権(取得)-(統制),資産,L-無形固定資産及び関連損益,0
1220209000,その他の無形資産(取得),資産,L-無形固定資産及び関連損益,0
1220209001,その他の無形資産(取得)-(統制),資産,L-無形固定資産及び関連損益,0
1221110010,借FL無形資産(累)-償却,資産,Q02-リース資産及び債務（資産）,0
1221110011,借FL無形資産(累)-償却(統制),資産,Q02-リース資産及び債務（資産）,0
1221110021,借FL無形資産(累)-減損(統制),資産,Q02-リース資産及び債務（資産）,0
1221160010,特許権(累計)-償却,資産,L-無形固定資産及び関連損益,0
1221160011,特許権(累計)-償却(統制),資産,L-無形固定資産及び関連損益,0
1221160020,特許権(累計)-減損,資産,L-無形固定資産及び関連損益,0
1221160021,特許権(累計)-減損(統制),資産,L-無形固定資産及び関連損益,0
1221170010,市場販売目的ソフトウェア(累計)-償却,資産,L-無形固定資産及び関連損益,0
1221180010,自社利用開発ソフトウェア(累計)-償却,資産,L-無形固定資産及び関連損益,0
1221180011,自社利用開発ソフト(累計)-償却(統制),資産,L-無形固定資産及び関連損益,0
1221180020,自社利用開発ソフトウェア(累計)-減損,資産,L-無形固定資産及び関連損益,0
1221180021,自社利用開発ソフト(累計)-減損(統制),資産,L-無形固定資産及び関連損益,0
1221181010,自社利用購入ソフトウェア(累計)-償却,資産,L-無形固定資産及び関連損益,0
1221181011,自社利用購入ソフト(累計)-償却(統制),資産,L-無形固定資産及び関連損益,0
1221181020,自社利用購入ソフトウェア(累計)-減損,資産,L-無形固定資産及び関連損益,0
1221181021,自社利用購入ソフト(累計)-減損(統制),資産,L-無形固定資産及び関連損益,0
1221191021,自社利用開発ソフト仮(累)-減損(統制),資産,L-無形固定資産及び関連損益,0
1221200020,借地権(累計)-減損,資産,L-無形固定資産及び関連損益,0
1221201010,施設利用権(累計)-償却,資産,L-無形固定資産及び関連損益,0
1221201011,施設利用権(累計)-償却(統制),資産,L-無形固定資産及び関連損益,0
1221201020,施設利用権(累計)-減損,資産,L-無形固定資産及び関連損益,0
1221201021,施設利用権(累計)-減損(統制),資産,L-無形固定資産及び関連損益,0
1221202020,電話加入権(累計)-減損,資産,L-無形固定資産及び関連損益,0
1221202021,電話加入権(累計)-減損(統制),資産,L-無形固定資産及び関連損益,0
1221203011,商標権(累計)-償却(統制),資産,L-無形固定資産及び関連損益,0
1221209010,その他の無形資産(累計)-償却,資産,L-無形固定資産及び関連損益,0
1221209011,その他の無形資産(累計)-償却(統制),資産,L-無形固定資産及び関連損益,0
1241100010,FVTPL(固)-国内上場株,資産,J02-その他の投資及び関連損益,0
1241100140,FVTPL(固)-新株予約権,資産,J02-その他の投資及び関連損益,0
1241100210,FVTPL(固)-組合出資,資産,J02-その他の投資及び関連損益,0
1241100320,FVTPL(固)-ゴルフ関係出資金,資産,J02-その他の投資及び関連損益,0
1241100330,FVTPL(固)-クラブ等入会金,資産,J02-その他の投資及び関連損益,0
1241100340,FVTPL(固)-出資金,資産,J02-その他の投資及び関連損益,0
1241100360,FVTPL(固)-役員生命保険,資産,J02-その他の投資及び関連損益,0
1241100930,FVTPL(固)-組合出資-社内配分,資産,J02-その他の投資及び関連損益,0
1241100940,FVTPL(固)-ゴルフ出資-社内配分,資産,J02-その他の投資及び関連損益,0
1241100950,FVTPL(固)-クラブ等入会金-社内,資産,J02-その他の投資及び関連損益,0
1241100960,FVTPL(固)-他有価証券-社内配分,資産,J02-その他の投資及び関連損益,0
1241200240,償却原価(固)-差入敷金保証金,資産,J02-その他の投資及び関連損益,0
1241200900,償却原価(固)-差入敷金-社内配分,資産,J02-その他の投資及び関連損益,0
1241300010,FVTOCI(固)-国内上場株,資産,H-投資有価証券等及び関連損益,0
1241300020,FVTOCI(固)-海外上場株,資産,H-投資有価証券等及び関連損益,0
1241300030,FVTOCI(固)-非上場株,資産,H-投資有価証券等及び関連損益,0
1241300340,FVTOCI(固)-出資金,資産,H-投資有価証券等及び関連損益,0
1241300900,FVTOCI(固)-国内上場株-社内,資産,H-投資有価証券等及び関連損益,0
1241300910,FVTOCI(固)-海外上場株-社内,資産,H-投資有価証券等及び関連損益,0
1241300920,FVTOCI(固)-非上場株-社内配分,資産,H-投資有価証券等及び関連損益,0
1241300930,FVTOCI(固)-出資金-社内配分,資産,H-投資有価証券等及び関連損益,0
1242100010,子株-原価,資産,H-投資有価証券等及び関連損益,0
1242100900,子会社株式-取得原価測定-社内配分,資産,H-投資有価証券等及び関連損益,0
1242101010,子出資金-原価,資産,H-投資有価証券等及び関連損益,0
1242101900,子会社出資金-取得原価測定-社内配分,資産,H-投資有価証券等及び関連損益,0
1242200010,関連株-原価,資産,H-投資有価証券等及び関連損益,0
1242200030,関連株(非適用)-原価,資産,H-投資有価証券等及び関連損益,0
1242200900,関連会社株式-取得原価測定-社内配分,資産,H-投資有価証券等及び関連損益,0
1242201010,関連出資金-原価,資産,H-投資有価証券等及び関連損益,0
1242201900,関連出資金-原価-社内配分,資産,H-投資有価証券等及び関連損益,0
1261100000,預貸制度長貸付金,資産,J01-長期貸付金及び関連損益,0
1261200030,従業員長貸付金-年金転貸融資,資産,J01-長期貸付金及び関連損益,0
1261200050,従業員長貸付金-在外勤務者融資,資産,J01-長期貸付金及び関連損益,0
1261200060,従業員長貸付金-在外勤務敷金,資産,J01-長期貸付金及び関連損益,0
1261200990,従業員長貸付金-他,資産,J01-長期貸付金及び関連損益,0
1261201010,関係会社長貸付金-子会社,資産,J01-長期貸付金及び関連損益,0
1261201020,関係会社長貸付金-関連,資産,J01-長期貸付金及び関連損益,0
1261209900,その他の長期貸付金-社内配分,資産,J01-長期貸付金及び関連損益,0
1261209990,他長貸付金-他,資産,J01-長期貸付金及び関連損益,0
1261300010,FVヘッジ契約資産(固)-先物為替予約,資産,S02-デリバティブ・ヘッジ（資産）,0
1261301010,CFヘッジ契約資産(固)-先物為替予約,資産,S02-デリバティブ・ヘッジ（資産）,0
1261301030,CFヘッジ契約資産(固)-金利スワップ,資産,S02-デリバティブ・ヘッジ（資産）,0
1261909020,他金融資産(固)-破産更生債権等,資産,非重要勘定（資産）,0
1261909030,他金融資産(固)-信託受益権,資産,非重要勘定（資産）,0
1261909900,他金融資産(固)-その他-社内配分,資産,非重要勘定（資産）,0
1261909990,他金融資産(固)-他,資産,非重要勘定（資産）,0
1271100010,繰延税金資産総額(固)-一時差異,資産,O-未払税金・税効果（資産）,0
1271100020,繰延税金資産総額(固)-欠損金,資産,O-未払税金・税効果（資産）,0
1271100040,繰延税金資産総額(固)-時価評価差額,資産,O-未払税金・税効果（資産）,0
1271100900,繰延税金資産総額(固)-一時差異-社内,資産,O-未払税金・税効果（資産）,0
1271100910,繰延税金資産総額(固)-欠損金-社内,資産,O-未払税金・税効果（資産）,0
1271100930,繰延税金資産総額(固)-時価評価-社内,資産,O-未払税金・税効果（資産）,0
1271100950,繰税資産総額(固)-繰延ヘッジ-社内配分,資産,O-未払税金・税効果（資産）,0
1271200000,未認識の繰延税金資産(固),資産,O-未払税金・税効果（資産）,0
1271200900,未認識の繰税資産(固)-評価減-社内配分,資産,O-未払税金・税効果（資産）,0
1271200910,未認識の繰税資産(固)-その他-社内配分,資産,O-未払税金・税効果（資産）,0
1289100990,年金制度前払費用(固)-他年金制度,資産,P03-退職給付引当金及び関連損益（資産）,0
1289209010,他長前払費用-前払保険料,資産,J03-長期前払費用,0
1289209020,他長前払費用-上下水道施設負担金,資産,J03-長期前払費用,0
1289209021,他長前払費用-上下水道施設負担金(統制),資産,J03-長期前払費用,0
1289209030,他長前払費用-道路工事施設負担金,資産,J03-長期前払費用,0
1289209031,他長前払費用-道路工事施設負担金(統制),資産,J03-長期前払費用,0
1289209040,他長前払費用-護岸工事施設負担金,資産,J03-長期前払費用,0
1289209041,他長前払費用-護岸工事施設負担金(統制),資産,J03-長期前払費用,0
1289209050,他長前払費用-借上寮・社宅等の権利金等,資産,J03-長期前払費用,0
1289209051,他長前払費用-借上寮社宅等権利金(統制),資産,J03-長期前払費用,0
1289209060,他長前払費用-リース資産据付費,資産,J03-長期前払費用,0
1289209061,他長前払費用-リース資産据付費(統制),資産,J03-長期前払費用,0
1289209110,他長前払費用-前払リース料,資産,J03-長期前払費用,0
1289209111,他長前払費用-前払リース料(統制),資産,J03-長期前払費用,0
1289209990,他長前払費用-他,資産,J03-長期前払費用,0
1289209991,他長前払費用-他(統制),資産,J03-長期前払費用,0
1289909010,他非流動資産-自動車リサイクル預託金,資産,S01-偶発債務,0
1289909990,他非流動資産-他,資産,S01-偶発債務,0
1291100900,貸引(固)-社内配分,資産,E02-貸倒引当金及び関連損益（資産）,0
1291100990,一般債権貸引(固)-その他,資産,E02-貸倒引当金及び関連損益（資産）,0
1291200990,貸倒懸念債権貸引(固)-その他,資産,E02-貸倒引当金及び関連損益（資産）,0
1291300900,破産更正債権貸引(固)-社内配分,資産,E02-貸倒引当金及び関連損益（資産）,0
1291300990,破産更生債権貸引(固)-その他,資産,E02-貸倒引当金及び関連損益（資産）,0
2111109010,他短期借入金-当座借越,負債,M-借入金及び関連損益,1
2111109030,他短期借入金-関連会社,負債,M-借入金及び関連損益,1
2111109040,他短期借入金-コマーシャルペーパー,負債,M-借入金及び関連損益,1
2111109970,他短期借入金-会社間取引,負債,M-借入金及び関連損益,1
2111109990,他短期借入金-他,負債,M-借入金及び関連損益,1
2111109991,他短期借入金-他(統制),負債,M-借入金及び関連損益,1
2111200010,関係会社借入-プーリング(日立),負債,M-借入金及び関連損益,1
2121100000,償還期普通社債,負債,M-借入金及び関連損益,1
2121400000,その他の償還期長期借入金,負債,M-借入金及び関連損益,1
2131000070,支払手形-海外一般,負債,N02-支払手形,1
2131000140,支払手形-電子記録債務,負債,N02-支払手形,1
2131000910,電子記録債務-社内配分,負債,N02-支払手形,1
2132000060,資材買掛金-一般,負債,N01-買掛金,1
2132000061,資材買掛金-一般(統制),負債,N01-買掛金,1
2132000063,資材買掛金-一般(外貨),負債,N01-買掛金,1
2132000070,資材買掛金-海外一般,負債,N01-買掛金,1
2132001010,ファクタリング買掛金-材料代,負債,N01-買掛金,1
2132001020,ファクタリング買掛金-一般経費,負債,N01-買掛金,1
2132001021,ファクタリング買掛金-一般経費(統制),負債,N01-買掛金,1
2132001900,ファクタリング買掛金-材料代-社内配分,負債,N01-買掛金,1
2132000990,資材買掛金-他,負債,N01-買掛金,1
2132002010,仮受材料買掛金-社内,負債,N01-買掛金,1
2132002020,仮受材料買掛金-社外,負債,N01-買掛金,1
2132003010,独立会計買掛金-材料代,負債,N01-買掛金,1
2132003990,独立会計買掛金-他経費,負債,N01-買掛金,1
2132009040,他買掛金-関連,負債,N01-買掛金,1
2132009061,他買掛金-一般(統制),負債,N01-買掛金,1
2132009080,他買掛金-宣伝,負債,N01-買掛金,1
2132009100,他買掛金-材料代,負債,N01-買掛金,1
2132009120,他買掛金-関係会社集中決済,負債,N01-買掛金,1
2132009130,他買掛金-進行基準による買掛金,負債,N01-買掛金,1
2132009140,他買掛金-受託品,負債,N01-買掛金,1
2132009150,他買掛金-受託品消費税,負債,N01-買掛金,1
2132009160,他買掛金-外注品,負債,N01-買掛金,1
2132009170,他買掛金-外注品消費税,負債,N01-買掛金,1
2132009800,他買掛金-他経費,負債,N01-買掛金,1
2132009810,他買掛金-他1,負債,N01-買掛金,1
2132009900,その他の買掛金-社内配分,負債,N01-買掛金,1
2132009990,他買掛金-他,負債,N01-買掛金,1
2141000000,ファイナンスリース債務(流),負債,Q02-リース資産及び債務（負債）,1
2151100010,関係会社預り-プーリング(日立),負債,P13-預り金、長期預り金及び関連損益,1
2151100030,関係会社預り金-定期預貸制度短期,負債,P13-預り金、長期預り金及び関連損益,1
2151200010,預り源泉所得税-従業員,負債,P13-預り金、長期預り金及び関連損益,1
2151200040,預り源泉所得税-事業所得税,負債,P13-預り金、長期預り金及び関連損益,1
2151200050,預り源泉所得税-非居住者事業所得税,負債,P13-預り金、長期預り金及び関連損益,1
2151200070,預り源泉所得税-配当金,負債,P13-預り金、長期預り金及び関連損益,1
2151200090,預り源泉所得税-雑所得税,負債,P13-預り金、長期預り金及び関連損益,1
2151200990,預り源泉所得税-他,負債,P13-預り金、長期預り金及び関連損益,1
2151201010,預り他税金-住民税,負債,P13-預り金、長期預り金及び関連損益,1
2151201020,預り他税金-消費税,負債,P13-預り金、長期預り金及び関連損益,1
2151201990,預り他税金-他,負債,P13-預り金、長期預り金及び関連損益,1
2151202010,預り社会保険料-健康保険料,負債,P13-預り金、長期預り金及び関連損益,1
2151202020,預り社会保険料-厚生年金保険料,負債,P13-預り金、長期預り金及び関連損益,1
2151202040,預り社会保険料-労働保険料,負債,P13-預り金、長期預り金及び関連損益,1
2151202050,預り社会保険料-介護保険料,負債,P13-預り金、長期預り金及び関連損益,1
2151204010,預り保険料-一般生命保険,負債,P13-預り金、長期預り金及び関連損益,1
2151204030,預り保険料-NEW（希）保険料,負債,P13-預り金、長期預り金及び関連損益,1
2151204040,預り保険料-保険料 （住）団体保険料,負債,P13-預り金、長期預り金及び関連損益,1
2151204050,預り保険料-団体医療保険料,負債,P13-預り金、長期預り金及び関連損益,1
2151204060,預り保険料-自動車保険料,負債,P13-預り金、長期預り金及び関連損益,1
2151204070,預り保険料-ガン保険料,負債,P13-預り金、長期預り金及び関連損益,1
2151204080,預り保険料-（医）保険料,負債,P13-預り金、長期預り金及び関連損益,1
2151204100,預り保険料-火災保険料,負債,P13-預り金、長期預り金及び関連損益,1
2151204120,預り保険料-積立介護保険料,負債,P13-預り金、長期預り金及び関連損益,1
2151204140,預り保険料-ゴルフ保険料,負債,P13-預り金、長期預り金及び関連損益,1
2151204150,預り保険料-医療保険料,負債,P13-預り金、長期預り金及び関連損益,1
2151204160,預り保険料-積立火災保険料,負債,P13-預り金、長期預り金及び関連損益,1
2151204170,預り保険料-積立型保険料,負債,P13-預り金、長期預り金及び関連損益,1
2151204190,預り保険料-スキー自転車保険料,負債,P13-預り金、長期預り金及び関連損益,1
2151205010,従業員預り金-共済会預り金,負債,P13-預り金、長期預り金及び関連損益,1
2151205020,従業員預り金-日立会,負債,P13-預り金、長期預り金及び関連損益,1
2151205030,従業員預り金-労働組合費,負債,P13-預り金、長期預り金及び関連損益,1
2151205040,従業員預り金-持株会,負債,P13-預り金、長期預り金及び関連損益,1
2151205060,従業員預り金-銀行ローン借入,負債,P13-預り金、長期預り金及び関連損益,1
2151205080,従業員預り金-(住)保険配当金,負債,P13-預り金、長期預り金及び関連損益,1
2151205090,従業員預り金-NEW(希)保険配当金,負債,P13-預り金、長期預り金及び関連損益,1
2151205100,従業員預り金-給与計算,負債,P13-預り金、長期預り金及び関連損益,1
2151205990,従業員預り金-他,負債,P13-預り金、長期預り金及び関連損益,1
2151209010,他預り金-預り保証金,負債,P13-預り金、長期預り金及び関連損益,1
2151209020,他預り金-債権流動化預り金,負債,P13-預り金、長期預り金及び関連損益,1
2151209030,他預り金-財形一般,負債,P13-預り金、長期預り金及び関連損益,1
2151209040,他預り金-財形住宅,負債,P13-預り金、長期預り金及び関連損益,1
2151209050,他預り金-財形年金,負債,P13-預り金、長期預り金及び関連損益,1
2151209060,他預り金-銀行ローン（給与等回収）,負債,P13-預り金、長期預り金及び関連損益,1
2151209070,他預り金-預り賞与,負債,P13-預り金、長期預り金及び関連損益,1
2151209090,他預り金-昼食代,負債,P13-預り金、長期預り金及び関連損益,1
2151209100,他預り金-海外駐在所,負債,P13-預り金、長期預り金及び関連損益,1
2151209110,他預り金-敷金,負債,P13-預り金、長期預り金及び関連損益,1
2151209130,他預り金-他関係会社,負債,P13-預り金、長期預り金及び関連損益,1
2151209140,他預り金-他諸会費,負債,P13-預り金、長期預り金及び関連損益,1
2151209150,他預り金-健康保険給付金,負債,P13-預り金、長期預り金及び関連損益,1
2151209160,他預り金-書籍代,負債,P13-預り金、長期預り金及び関連損益,1
2151209170,他預り金-寮費,負債,P13-預り金、長期預り金及び関連損益,1
2151209180,他預り金-社宅費,負債,P13-預り金、長期預り金及び関連損益,1
2151209190,他預り金-診療費,負債,P13-預り金、長期預り金及び関連損益,1
2151209200,他預り金-給与計算,負債,P13-預り金、長期預り金及び関連損益,1
2151209210,他預り金-銀行手数料,負債,P13-預り金、長期預り金及び関連損益,1
2151209220,他預り金-カフェテリア寄付金,負債,P13-預り金、長期預り金及び関連損益,1
2151209990,他預り金-他,負債,P13-預り金、長期預り金及び関連損益,1
2151300010,FVヘッジ契約負債(流)-先物為替予約,負債,S02-デリバティブ・ヘッジ（負債）,1
2151300990,FVヘッジ契約負債(流)-他デリバティブ,負債,S02-デリバティブ・ヘッジ（負債）,1
2151301010,CFヘッジ契約負債(流)-先物為替予約,負債,S02-デリバティブ・ヘッジ（負債）,1
2161100010,未払利息-社債利息,負債,M-借入金及び関連損益,1
2161100020,未払利息-乙払利子,負債,M-借入金及び関連損益,1
2161100030,未払利息-預り保証金,負債,M-借入金及び関連損益,1
2161100040,未払利息-長期借入金一般,負債,M-借入金及び関連損益,1
2161100050,未払利息-長期借入金輸銀協融,負債,M-借入金及び関連損益,1
2161100060,未払利息-短期借入金一般,負債,M-借入金及び関連損益,1
2161100080,未払利息-間接投資預託金利息,負債,M-借入金及び関連損益,1
2161100990,未払利息-他,負債,M-借入金及び関連損益,1
2161200010,未払賞与-現地採用,負債,P01-未払費用,1
2161200990,未払賞与-他,負債,P01-未払費用,1
2161300000,未払有給休暇,負債,P01-未払費用,1
2161900010,未払賃金-現地採用,負債,P01-未払費用,1
2161900040,未払賃金-端数金,負債,P01-未払費用,1
2161900050,未払賃金-期末分,負債,P01-未払費用,1
2161900990,未払賃金-他,負債,P01-未払費用,1
2161903010,未払社会保険料-健康保険料,負債,P01-未払費用,1
2161903030,未払社会保険料-雇用保険,負債,P01-未払費用,1
2161903040,未払社会保険料-労災保険,負債,P01-未払費用,1
2161903050,未払社会保険料-厚生年金保険料,負債,P01-未払費用,1
2161903060,未払社会保険料-介護保険料,負債,P01-未払費用,1
2161903090,未払社会保険料-期末分,負債,P01-未払費用,1
2161903100,未払社会保険料-賞与分,負債,P01-未払費用,1
2161909060,他未払費用-一般,負債,P01-未払費用,1
2161909061,他未払費用-一般(統制),負債,P01-未払費用,1
2161909110,他未払費用-未払退職金,負債,P01-未払費用,1
2161909130,他未払費用-販売手数料,負債,P01-未払費用,1
2161909140,他未払費用-特許料,負債,P01-未払費用,1
2161909150,他未払費用-未払発送費,負債,P01-未払費用,1
2161909160,他未払費用-販売促進費,負債,P01-未払費用,1
2161909170,他未払費用-サービス費,負債,P01-未払費用,1
2161909180,他未払費用-褒賞金,負債,P01-未払費用,1
2161909190,他未払費用-渡航費,負債,P01-未払費用,1
2161909200,他未払費用-切符,負債,P01-未払費用,1
2161909210,他未払費用-保険料,負債,P01-未払費用,1
2161909240,他未払費用-発明考案補償金,負債,P01-未払費用,1
2161909250,他未払費用-工事進行基準,負債,P01-未払費用,1
2161909260,他未払費用-工事完了基準,負債,P01-未払費用,1
2161909270,他未払費用-後納郵便料,負債,P01-未払費用,1
2161909280,他未払費用-従業員,負債,P01-未払費用,1
2161909290,他未払費用-外注経費,負債,P01-未払費用,1
2161909350,他未払費用-カフェテリアポイント,負債,P01-未払費用,1
2161909500,他未払費用-特別退職金,負債,P01-未払費用,1
2161909990,他未払費用-他,負債,P01-未払費用,1
2161909992,他未払費用-他(消込),負債,P01-未払費用,1
2162400000,資産除去債務(流動),負債,非重要勘定（負債）,1
2162500000,製品保証引当金(流),負債,非重要勘定（負債）,1
2162900010,他引当金(流)-大口赤字引当金,負債,P02-工事損失引当金及び関連損益,1
2162900050,他引当金(流)-プログラム補修引当金,負債,P05-その他引当金及び関連損益,1
2171100900,未払法人税等-社内配分,負債,O-未払税金・税効果（負債）,1
2171900980,仮受税金-他,負債,O-未払税金・税効果（負債）,1
2171903990,未払源泉所得税-他,負債,O-未払税金・税効果（負債）,1
2181000060,前受金-一般,負債,P12-前受金,1
2181000900,前受金-社内配分,負債,P12-前受金,1
2181000990,前受金-他,負債,P12-前受金,1
2182000000,繰延税金負債(流),負債,O-未払税金・税効果（負債）,1
2183100060,新営未払金-一般,負債,P11-未払金,1
2183100061,新営未払金-一般(統制),負債,P11-未払金,1
2183100110,新営未払金-ファクタリング,負債,P11-未払金,1
2183100990,新営未払金-他,負債,P11-未払金,1
2183200000,未払配当金,負債,P11-未払金,1
2183300020,連結納税債務-連納主,負債,P11-未払金,1
2183900010,消費税-発生額,負債,P11-未払金,1
2183900020,消費税-控除額,負債,P11-未払金,1
2183900030,消費税-中間支払額,負債,P11-未払金,1
2183900040,消費税-繰越額,負債,P11-未払金,1
2183901010,その他の未払税金-リース消費税,負債,P11-未払金,1
2183901020,その他の未払税金-固定資産税,負債,P11-未払金,1
2183901030,その他の未払税金-事業所税,負債,P11-未払金,1
2183901040,その他の未払税金-外国税,負債,P11-未払金,1
2183901050,その他の未払税金-未収利息及び未収配当金,負債,P11-未払金,1
2183909040,他未払金-関連,負債,P11-未払金,1
2183909060,他未払金-一般,負債,P11-未払金,1
2183909061,他未払金-一般(統制),負債,P11-未払金,1
2183909150,他未払金-確定拠出年金移行時未払金,負債,P11-未払金,1
2183909170,他未払金-有価証券流動,負債,P11-未払金,1
2183909180,他未払金-株式及び投資有価証券,負債,P11-未払金,1
2183909900,その他の未払金-社内配分,負債,P11-未払金,1
2183909990,他未払金-他,負債,P11-未払金,1
2183909992,他未払金-他(消込),負債,P11-未払金,1
2189900010,売上未決算金-注文品一般,負債,非重要勘定（負債）,1
2189900020,売上未決算金-注文品受託品,負債,非重要勘定（負債）,1
2189900030,売上未決算金-注文品外注品,負債,非重要勘定（負債）,1
2189900050,売上未決算金-注文品延払利子,負債,非重要勘定（負債）,1
2189900070,売上未決算金-注文品売上未計上,負債,非重要勘定（負債）,1
2189900080,売上未決算金-社内品,負債,非重要勘定（負債）,1
2189900090,売上未決算金-セール＆リースバック売上高,負債,非重要勘定（負債）,1
2189900100,売上未決算金-セール＆リースバック原価,負債,非重要勘定（負債）,1
2189900110,売上未決算金-セール＆リースバック販直費,負債,非重要勘定（負債）,1
2189901012,資産売却収入未決算金-固定資産(消込),負債,非重要勘定（負債）,1
2189901990,資産売却収入未決算金-他,負債,非重要勘定（負債）,1
2189902010,独立会計部門収入未決算金-病院・診療所,負債,非重要勘定（負債）,1
2189903010,仮受金-振替未済金,負債,非重要勘定（負債）,1
2189903030,仮受金-営業入金,負債,非重要勘定（負債）,1
2189903032,仮受金-営業入金(消込),負債,非重要勘定（負債）,1
2189903040,仮受金-保険金収入,負債,非重要勘定（負債）,1
2189903060,仮受金-自己株式処分差額,負債,非重要勘定（負債）,1
2189903070,仮受金-引当未済金,負債,非重要勘定（負債）,1
2189903080,仮受金-平準化,負債,非重要勘定（負債）,1
2189903090,仮受金-補助金収入,負債,非重要勘定（負債）,1
2189903100,仮受金-セミナー,負債,非重要勘定（負債）,1
2189903990,仮受金-他,負債,非重要勘定（負債）,1
2189903992,仮受金-他(消込),負債,非重要勘定（負債）,1
2189909900,その他の流動負債-社内配分,負債,非重要勘定（負債）,1
2189909970,他流動負債-本店調整,負債,非重要勘定（負債）,1
2189909980,他流動負債-本店勘定,負債,非重要勘定（負債）,1
2189909990,他流動負債-他,負債,非重要勘定（負債）,1
2211100000,普通社債,負債,Q01-社債、CP及び関連損益（負債）,1
2211400010,他長期借入金-輸銀協融,負債,M-借入金及び関連損益,1
2211400980,他長期借入金-会社間取引,負債,M-借入金及び関連損益,1
2211400990,他長期借入金-他,負債,M-借入金及び関連損益,1
2220000010,退職給付債務-厚生年金基金,負債,P03-退職給付引当金及び関連損益（負債）,1
2220000020,退職給付債務-退職一時金,負債,P03-退職給付引当金及び関連損益（負債）,1
2231000000,ファイナンスリース債務(固),負債,S02-デリバティブ・ヘッジ（負債）,1
2241100010,FVヘッジ契約負債(固)-先物為替予約,負債,S02-デリバティブ・ヘッジ（負債）,1
2241100020,FVヘッジ契約負債(固)-通貨スワップ,負債,S02-デリバティブ・ヘッジ（負債）,1
2241100030,FVヘッジ契約負債(固)-金利スワップ,負債,S02-デリバティブ・ヘッジ（負債）,1
2241101010,CFヘッジ契約負債(固)-先物為替予約,負債,S02-デリバティブ・ヘッジ（負債）,1
2241101020,CFヘッジ契約負債(固)-通貨スワップ,負債,S02-デリバティブ・ヘッジ（負債）,1
2241101030,CFヘッジ契約負債(固)-金利スワップ,負債,S02-デリバティブ・ヘッジ（負債）,1
2241200010,定期預貸制度長期預り金-間接投資預託金,負債,P13-預り金、長期預り金及び関連損益,1
2241200990,定期預貸制度長期預り金-その他,負債,P13-預り金、長期預り金及び関連損益,1
2241900050,他金融負債(固)-リース消費税,負債,非重要勘定（負債）,1
2241900990,他金融負債(固)-他,負債,非重要勘定（負債）,1
2251000000,繰延税金負債(固),負債,O-未払税金・税効果（負債）,1
2261300000,資産除去債務(固),負債,Q05-資産除去債務,1
2261900010,電算機買戻損失引当金-一般,負債,P05-その他引当金及び関連損益,1
2261900020,電算機買戻損失引当金-自社レンタル,負債,P05-その他引当金及び関連損益,1
2261909090,他引当金(固)-役員退職引当金,負債,P05-その他引当金及び関連損益,1
2261909100,他引当金(固)-事業損失引当金,負債,P05-その他引当金及び関連損益,1
2261909900,事業損失引当金-社内配分,負債,P05-その他引当金及び関連損益,1
2289201010,長期前受収益-セールアンドリースバック,負債,Q03-その他の固定負債,1
2289201990,長期前受収益-その他,負債,Q03-その他の固定負債,1
2289300010,未払役員退職金-現地,負債,Q03-その他の固定負債,1
2289909020,他非流動負債-リース資産減損額,負債,Q03-その他の固定負債,1
2289909050,他非流動負債-確定拠出年金移行時未払金,負債,Q03-その他の固定負債,1
2289909900,その他の非流動負債-社内配分,負債,Q03-その他の固定負債,1
2289909990,他非流動負債-他,負債,Q03-その他の固定負債,1
3111000010,資本金-払込金,純資産,T-純資産,2
3111000900,資本金-社内配分,純資産,T-純資産,2
3121000000,資本準備金,純資産,T-純資産,2
3121002000,自己株式処分差益,純資産,T-純資産,2
3121009010,他資本剰余-資本金及資本準備金減少差益,純資産,T-純資産,2
3121009900,その他資本剰余金-社内配分,純資産,T-純資産,2
3211000030,利益剰余-固定資産圧縮積立金,純資産,T-純資産,2
3211000031,利益剰余-固定資産圧縮積立金(統制),純資産,T-純資産,2
3211000040,利益剰余-別途積立金,純資産,T-純資産,2
3211000900,利益剰余金-繰越利益剰余金-社内配分,純資産,T-純資産,2
3211000990,利益剰余-繰越利益剰余金,純資産,T-純資産,2
3211001010,利益処分-中間配当額,純資産,T-純資産,2
3211001030,利益処分-当期純利益,純資産,T-純資産,2
3211001040,利益処分-前期純利益,純資産,T-純資産,2
3211001050,利益処分-自己株式処分差損,純資産,T-純資産,2
3211001060,利益処分-利益準備金取崩額,純資産,T-純資産,2
3333000900,FVTOCI累計(税前)-社内,純資産,H-投資有価証券等及び関連損益（純資産）,2
3333000990,FVTOCI金融資産累計(税前)-その他,純資産,H-投資有価証券等及び関連損益（純資産）,2
3333100900,FVTOCI累計(税額)-社内,純資産,H-投資有価証券等及び関連損益（純資産）,2
3333100990,FVTOCI金融資産累計(税額)-その他,純資産,H-投資有価証券等及び関連損益（純資産）,2
3334000900,CFヘッジ累計(税前)-社内配分,純資産,S02-デリバティブ・ヘッジ（純資産）,2
3334000990,CFヘッジ累計(税前)-他,純資産,S02-デリバティブ・ヘッジ（純資産）,2
3334100990,CFヘッジ累計(税額)-他,純資産,S02-デリバティブ・ヘッジ（純資産）,2
3411000010,自己株式-払込金,純資産,T-純資産,2
5111000001,製品売上高-注文品製品売上高,収益,UA-売上高,3
5111000002,製品売上高-工事契約収益,収益,UA-売上高,3
5111000003,製品売上高-システム進行基準,収益,UA-売上高,3
5111000004,製品売上高-自社レンタル,収益,UA-売上高,3
5111000401,売上控除高-販促費,収益,UA-売上高,3
5111000402,売上控除高-売上値増高,収益,UA-売上高,3
5111000403,売上控除高-売上値引高,収益,UA-売上高,3
5111000404,売上控除高-売上戻り高,収益,UA-売上高,3
5111009801,他物品販売収益-他1,収益,UA-売上高,3
5112000001,役務収益-ブランド価値使用料,収益,UA-売上高,3
5112000002,役務収益-受取ロイヤリティ,収益,UA-売上高,3
5119000001,社内品売上高-一般,収益,UA-売上高,3
5119000002,社内品売上高-内販レンタル,収益,UA-売上高,3
5119000101,社内品売上控除高-売上値増高,収益,UA-売上高,3
5121000001,注文品売上原価-注文品製品売上原価,費用,VA-売上原価,4
5121000002,注文品売上原価-工事収益原価,費用,VA-売上原価,4
5121000003,注文品売上原価-システム進行基準,費用,VA-売上原価,4
5121000004,注文品売上原価-自社レンタル,費用,VA-売上原価,4
5121000101,他注文品売上原価-原価追加,費用,VA-売上原価,4
5121000102,他注文品売上原価-無代作業原価,費用,VA-売上原価,4
5121000104,他注文品売上原価-受注解約損失,費用,VA-売上原価,4
5121000106,他注文品売上原価-他引当金繰入,費用,VA-売上原価,4
5121000201,資産棚卸損益-材料　処分損,費用,VA-売上原価,4
5121000202,資産棚卸損益-仕掛品　処分損,費用,VA-売上原価,4
5121000203,資産棚卸損益-半製品　処分損,費用,VA-売上原価,4
5121000204,資産棚卸損益-製品　処分損,費用,VA-売上原価,4
5121000207,資産棚卸損益-材料低価法評価損,費用,VA-売上原価,4
5121000208,資産棚卸損益-仕掛品低価法評価損,費用,VA-売上原価,4
5121000209,資産棚卸損益-半製品低価法評価損,費用,VA-売上原価,4
5121000210,資産棚卸損益-製品低価法評価損,費用,VA-売上原価,4
5121000212,資産棚卸損益-補修用部品調整勘定繰入,費用,VA-売上原価,4
5121000213,資産棚卸損益-他評価損,費用,VA-売上原価,4
5121000215,資産棚卸損益-低価法評価損戻入,費用,VA-売上原価,4
5121000216,資産棚卸損益-補修用部品調整勘定戻入,費用,VA-売上原価,4
5121000301,補正費-注文品配賦額,費用,VA-売上原価,4
5121000302,補正費-社内品配賦額,費用,VA-売上原価,4
5121000303,補正費-戻入額,費用,VA-売上原価,4
5121000401,社内売上品損益付替額-一般,費用,VA-売上原価,4
5121000402,社内売上品損益付替額-内販買取,費用,VA-売上原価,4
5121000901,他製造原価差額-自工場品振替差額,費用,VA-売上原価,4
5121000902,他製造原価差額-仕込品入庫差額,費用,VA-売上原価,4
5121000903,他製造原価差額-部分品入庫差額,費用,VA-売上原価,4
5121000904,他製造原価差額-別途作業部差額,費用,VA-売上原価,4
5121001001,材料費差額-資材,費用,VA-売上原価,4
5121001002,材料費差額-現場,費用,VA-売上原価,4
5121001101,材料費差額-他1,費用,VA-売上原価,4
5121001102,材料費差額-他2,費用,VA-売上原価,4
5121001201,賃金差額-他1,費用,VA-売上原価,4
5121001299,賃金差額-他,費用,VA-売上原価,4
5121001301,補助部門費差額-他1,費用,VA-売上原価,4
5121001302,補助部門費差額-他2,費用,VA-売上原価,4
5121001303,補助部門費差額-他3,費用,VA-売上原価,4
5121001304,補助部門費差額-他4,費用,VA-売上原価,4
5121001306,補助部門費差額-他6,費用,VA-売上原価,4
5121001311,補助部門費差額-他11,費用,VA-売上原価,4
5121001319,補助部門費差額-他19,費用,VA-売上原価,4
5121001399,補助部門費差額-他,費用,VA-売上原価,4
5121001401,製造部門費差額-他1,費用,VA-売上原価,4
5121001402,製造部門費差額-他2,費用,VA-売上原価,4
5121001403,製造部門費差額-他3,費用,VA-売上原価,4
5121001404,製造部門費差額-他4,費用,VA-売上原価,4
5121001499,製造部門費差額-他,費用,VA-売上原価,4
5121002000,他原価差額調整額,費用,VA-売上原価,4
5121002101,社内売上品損益補正額-一般,費用,VA-売上原価,4
5121002102,社内売上品損益補正額-内販買取,費用,VA-売上原価,4
5129000001,社内品売上原価-一般,費用,VA-売上原価,4
5129000002,社内品売上原価-内販レンタル,費用,VA-売上原価,4
5129009801,他社内品売上原価-原価追加,費用,VA-売上原価,4
5129009802,他社内品売上原価-無代作業原価,費用,VA-売上原価,4
5211000003,荷造運搬費-発送(運搬)費支出額,費用,VB-一般費配賦額及び一般費差額,4
5211000004,荷造運搬費-特別発送費,費用,VB-一般費配賦額及び一般費差額,4
5211000005,荷造運搬費-前期滞留額戻入,費用,VB-一般費配賦額及び一般費差額,4
5211000006,荷造運搬費-当期滞留額,費用,VB-一般費配賦額及び一般費差額,4
5211000095,荷造運搬費-注文品配賦額,費用,VB-一般費配賦額及び一般費差額,4
5211000096,荷造運搬費-社内品配賦額,費用,VB-一般費配賦額及び一般費差額,4
5211000097,荷造運搬費-注文品振替額,費用,VB-一般費配賦額及び一般費差額,4
5211000098,荷造運搬費-社内品振替額,費用,VB-一般費配賦額及び一般費差額,4
5212000001,販売促進費-サービス費,費用,VB-一般費配賦額及び一般費差額,4
5212000002,販売促進費-褒賞金謝恩券費,費用,VB-一般費配賦額及び一般費差額,4
5212000003,販売促進費-販売対策費拡販費,費用,VB-一般費配賦額及び一般費差額,4
5213000000,販売手数料,費用,VB-一般費配賦額及び一般費差額,4
5214000001,研究開発費-試作費,費用,VB-一般費配賦額及び一般費差額,4
5214000002,研究開発費-小口開発費,費用,VB-一般費配賦額及び一般費差額,4
5214000003,研究開発費-補助金付試作費,費用,VB-一般費配賦額及び一般費差額,4
5214000004,研究開発費-本社技術研究費振替額,費用,VB-一般費配賦額及び一般費差額,4
5214000005,研究開発費-グループ技術研究費振替額,費用,VB-一般費配賦額及び一般費差額,4
5214000006,研究開発費-事業所発生研究費,費用,VB-一般費配賦額及び一般費差額,4
5214000007,研究開発費-補助金収入,費用,VB-一般費配賦額及び一般費差額,4
5214000008,研究開発費-本社研究所間接費,費用,VB-一般費配賦額及び一般費差額,4
5214000009,研究開発費-本社研究所試作費,費用,VB-一般費配賦額及び一般費差額,4
5214000010,研究開発費-本社研究所補助金付試作費,費用,VB-一般費配賦額及び一般費差額,4
5214000011,研究開発費-本社研究所補助金収入,費用,VB-一般費配賦額及び一般費差額,4
5214000012,研究開発費-本社研究所補助部門費差額付替,費用,VB-一般費配賦額及び一般費差額,4
5214000014,研究開発費-本社研究所配賦額,費用,VB-一般費配賦額及び一般費差額,4
5214000015,研究開発費-本社研究所,費用,VB-一般費配賦額及び一般費差額,4
5214000016,研究開発費-本社他,費用,VB-一般費配賦額及び一般費差額,4
5214000095,研究開発費-注文品配賦額,費用,VB-一般費配賦額及び一般費差額,4
5214000096,研究開発費-社内品配賦額,費用,VB-一般費配賦額及び一般費差額,4
5214000097,研究開発費-注文品振替額,費用,VB-一般費配賦額及び一般費差額,4
5214000098,研究開発費-社内品振替額,費用,VB-一般費配賦額及び一般費差額,4
5219000001,資金利子差額-資金利子負担額,費用,VB-一般費配賦額及び一般費差額,4
5219000002,資金利子差額-資金利子戻入額,費用,VB-一般費配賦額及び一般費差額,4
5219000095,資金利子差額-注文品配賦額,費用,VB-一般費配賦額及び一般費差額,4
5219000096,資金利子差額-社内品配賦額,費用,VB-一般費配賦額及び一般費差額,4
5219000097,資金利子差額-注文品振替額,費用,VB-一般費配賦額及び一般費差額,4
5219000098,資金利子差額-社内品振替額,費用,VB-一般費配賦額及び一般費差額,4
5219000101,管理販間費-営業経費事業所発生額,費用,VB-一般費配賦額及び一般費差額,4
5219000102,管理販間費-事業統括経費事業所発生額,費用,VB-一般費配賦額及び一般費差額,4
5219000103,管理販間費-本社配賦額,費用,VB-一般費配賦額及び一般費差額,4
5219000104,管理販間費-グループ配賦額,費用,VB-一般費配賦額及び一般費差額,4
5219000105,管理販間費-支社個別販売費発生額,費用,VB-一般費配賦額及び一般費差額,4
5219000106,管理販間費-本社販売費支出額,費用,VB-一般費配賦額及び一般費差額,4
5219000107,管理販間費-本社販売費配賦額,費用,VB-一般費配賦額及び一般費差額,4
5219000108,管理販間費-本社事業統括経費支出額,費用,VB-一般費配賦額及び一般費差額,4
5219000110,管理販間費-本社管理費支出額,費用,VB-一般費配賦額及び一般費差額,4
5219000111,管理販間費-本社管理費配賦額,費用,VB-一般費配賦額及び一般費差額,4
5219000112,管理販間費-本社補助部門費支出額,費用,VB-一般費配賦額及び一般費差額,4
5219000195,管理販間費-注文品配賦額,費用,VB-一般費配賦額及び一般費差額,4
5219000196,管理販間費-社内品配賦額,費用,VB-一般費配賦額及び一般費差額,4
5219000197,管理販間費-注文品振替額,費用,VB-一般費配賦額及び一般費差額,4
5219000198,管理販間費-社内品振替額,費用,VB-一般費配賦額及び一般費差額,4
5219010300,技術援助料・特許料,費用,VB-一般費配賦額及び一般費差額,4
5219019702,他販直費-電算機買戻損失引当繰入,費用,VB-一般費配賦額及び一般費差額,4
5219019703,他販直費-レンタル資産処分損,費用,VB-一般費配賦額及び一般費差額,4
5219019704,他販直費-製品保証引当金繰入,費用,VB-一般費配賦額及び一般費差額,4
5219019705,他販直費-組立保険料,費用,VB-一般費配賦額及び一般費差額,4
5219019706,他販直費-外国税,費用,VB-一般費配賦額及び一般費差額,4
5219019894,他販直費-その他支出額,費用,VB-一般費配賦額及び一般費差額,4
5219019895,他販直費-注文品配賦額,費用,VB-一般費配賦額及び一般費差額,4
5219019896,他販直費-社内品配賦額,費用,VB-一般費配賦額及び一般費差額,4
5219019897,他販直費-注文品振替額,費用,VB-一般費配賦額及び一般費差額,4
5219019898,他販直費-社内品振替額,費用,VB-一般費配賦額及び一般費差額,4
5219029901,他販間費-(ローカル)他1,費用,VB-一般費配賦額及び一般費差額,4
5219032900,他管理費-退職給付費用その他,費用,VB-一般費配賦額及び一般費差額,4
5219039200,他管理費-他勘定振替額,費用,VB-一般費配賦額及び一般費差額,4
5219039990,その他の一般管理費-社内配分,費用,VB-一般費配賦額及び一般費差額,4
5411000001,固定資産滅却益-建物,収益,K-有形固定資産及び関連損益（収益）,3
5411000003,固定資産滅却益-機械装置,収益,K-有形固定資産及び関連損益（収益）,3
5411000004,固定資産滅却益-車両運搬具,収益,K-有形固定資産及び関連損益（収益）,3
5411000005,固定資産滅却益-冶工具,収益,K-有形固定資産及び関連損益（収益）,3
5411000006,固定資産滅却益-一般器具備品,収益,K-有形固定資産及び関連損益（収益）,3
5411000101,固定資産売却益-建物,収益,K-有形固定資産及び関連損益（収益）,3
5411000102,固定資産売却益-構築物,収益,K-有形固定資産及び関連損益（収益）,3
5411000103,固定資産売却益-機械装置,収益,K-有形固定資産及び関連損益（収益）,3
5411000104,固定資産売却益-車両運搬具,収益,K-有形固定資産及び関連損益（収益）,3
5411000105,固定資産売却益-冶工具,収益,K-有形固定資産及び関連損益（収益）,3
5411000106,固定資産売却益-一般器具備品,収益,K-有形固定資産及び関連損益（収益）,3
5411000107,固定資産売却益-土地,収益,K-有形固定資産及び関連損益（収益）,3
5411000199,固定資産売却益-他,収益,K-有形固定資産及び関連損益（収益）,3
5411009900,固定資産売却益-(ローカル),収益,K-有形固定資産及び関連損益（収益）,3
5412000000,補助金収入,収益,UC-営業外収益,3
5419009702,他営業収益-投資不動産賃貸収入,収益,UC-営業外収益,3
5419009703,他営業収益-税金還付加算金,収益,UC-営業外収益,3
5419009707,他営業収益-材料作業屑処分益,収益,UC-営業外収益,3
5419009708,他営業収益-保険金収入,収益,UC-営業外収益,3
5419009712,他営業収益-配当金時効額,収益,UC-営業外収益,3
5419009716,他営業収益-消費税,収益,UC-営業外収益,3
5419009729,他営業収益-固定資産圧縮益,収益,K-有形固定資産及び関連損益（収益）,3
5419009801,他営業収益-他1,収益,UC-営業外収益,3
5419009890,その他の営業収益-社内配分,収益,UC-営業外収益,3
5419009899,他営業収益-他,収益,UC-営業外収益,3
5419009999,他営業収益-(ローカル)他,収益,UC-営業外収益,3
5511000001,固定資産売却損-建物,費用,K-有形固定資産及び関連損益（費用）,4
5511000003,固定資産売却損-機械装置,費用,K-有形固定資産及び関連損益（費用）,4
5511000004,固定資産売却損-車両運搬具,費用,K-有形固定資産及び関連損益（費用）,4
5511000006,固定資産売却損-一般器具備品,費用,K-有形固定資産及び関連損益（費用）,4
5511000007,固定資産売却損-土地,費用,K-有形固定資産及び関連損益（費用）,4
5511000099,固定資産売却損-他,費用,K-有形固定資産及び関連損益（費用）,4
5511009900,,費用,K-有形固定資産及び関連損益（費用）,4
5512000001,固定資産滅却損-建物,費用,K-有形固定資産及び関連損益（費用）,4
5512000002,固定資産滅却損-構築物,費用,K-有形固定資産及び関連損益（費用）,4
5512000003,固定資産滅却損-機械装置,費用,K-有形固定資産及び関連損益（費用）,4
5512000004,固定資産滅却損-車両運搬具,費用,K-有形固定資産及び関連損益（費用）,4
5512000005,固定資産滅却損-冶工具,費用,K-有形固定資産及び関連損益（費用）,4
5512000006,固定資産滅却損-一般器具備品,費用,K-有形固定資産及び関連損益（費用）,4
5512000007,固定資産滅却損-土地,費用,K-有形固定資産及び関連損益（費用）,4
5512000010,固定資産滅却損-リース資産解約損,費用,K-有形固定資産及び関連損益（費用）,4
5512000012,固定資産滅却損-リース債務解約損,費用,K-有形固定資産及び関連損益（費用）,4
5512000099,固定資産滅却損-他,費用,K-有形固定資産及び関連損益（費用）,4
5513000001,固定資産圧縮損-一般,費用,K-有形固定資産及び関連損益（費用）,4
5514009901,固定資産の減損-有形固定資産,費用,K-有形固定資産及び関連損益（費用）,4
5514009902,固定資産の減損-無形資産,費用,L-無形固定資産及び関連損益（費用）,4
5514009904,固定資産の減損-(ローカル),費用,L-無形固定資産及び関連損益（費用）,4
5519000101,利子配当所得税-預貯金,費用,VC-営業外費用,4
5519000103,利子配当所得税-受取配当金,費用,VC-営業外費用,4
5519000104,利子配当所得税-預貯金未収利息,費用,VC-営業外費用,4
5519000106,利子配当所得税-未収配当金,費用,VC-営業外費用,4
5519000199,利子配当所得税-他,費用,VC-営業外費用,4
5519009701,他営業費用-貸引繰入,費用,E02-貸倒引当金及び関連損益（費用）,4
5519009705,他営業費用-原価外経費,費用,VC-営業外費用,4
5519009706,他営業費用-事業構造改善費用,費用,VC-営業外費用,4
5519009707,他営業費用-延滞金,費用,VC-営業外費用,4
5519009708,他営業費用-違約金支出,費用,VC-営業外費用,4
5519009710,他営業費用-保険付事故手直費用,費用,VC-営業外費用,4
5519009711,他営業費用-出向者賃金差額,費用,VC-営業外費用,4
5519009712,他営業費用-外国税,費用,VC-営業外費用,4
5519009713,他営業費用-社債維持費,費用,VC-営業外費用,4
5519009714,他営業費用-消費税,費用,VC-営業外費用,4
5519009715,他営業費用-不動産取得税,費用,VC-営業外費用,4
5519009719,他営業費用-法人税等延滞税,費用,VC-営業外費用,4
5519009722,他営業費用-材料作業屑処分損,費用,VC-営業外費用,4
5519009725,他営業費用-社債発行費,費用,VC-営業外費用,4
5519009890,その他の営業費用-社内配分,費用,VC-営業外費用,4
5519009899,他営業費用-他,費用,VC-営業外費用,4
5519009989,他営業費用-(ローカル)他9,費用,VC-営業外費用,4
5519009999,他営業費用-(ローカル)他,費用,VC-営業外費用,4
6111000001,預貯金利息-普通預金,収益,UC-営業外収益,3
6111000002,預貯金利息-定期預金,収益,UC-営業外収益,3
6111000003,預貯金利息-譲渡性預金,収益,UC-営業外収益,3
6111000004,預貯金利息-外貨普通預金,収益,UC-営業外収益,3
6111000005,預貯金利息-外貨定期他預金,収益,UC-営業外収益,3
6111000090,預貯金利息-社内配分,収益,UC-営業外収益,3
6111000101,貸付金利息-関係会社短期,収益,UC-営業外収益,3
6111000103,貸付金利息-関係会社長期,収益,UC-営業外収益,3
6111000104,貸付金利息-一般会社長期,収益,UC-営業外収益,3
6111000105,貸付金利息-プーリング貸付金,収益,UC-営業外収益,3
6111000201,従業員貸付金利息-一般,収益,UC-営業外収益,3
6111009701,他受取利息-プーリング預け金,収益,UC-営業外収益,3
6111009702,他受取利息-甲払利子,収益,UC-営業外収益,3
6111009704,他受取利息-差入敷金利子,収益,UC-営業外収益,3
6111009705,他受取利息-延払利子,収益,UC-営業外収益,3
6111009706,他受取利息-受託品利子,収益,UC-営業外収益,3
6111009890,その他の受取利息-社内配分,収益,UC-営業外収益,3
6111009899,他受取利息-他,収益,UC-営業外収益,3
6114000001,受取配当金(FVTOCI)-公開株,収益,H-投資有価証券等及び関連損益（収益）,3
6114000002,受取配当金(FVTOCI)-非公開株,収益,H-投資有価証券等及び関連損益（収益）,3
6114000090,受取配当金(FVTOCI)-社内配分,収益,H-投資有価証券等及び関連損益（収益）,3
6114000099,受取配当金(FVTOCI)-他有証,収益,H-投資有価証券等及び関連損益（収益）,3
6114000101,受取配当(取得原価)-子株,収益,H-投資有価証券等及び関連損益（収益）,3
6114000102,受取配当(取得原価)-子出資,収益,H-投資有価証券等及び関連損益（収益）,3
6114000103,受取配当(取得原価)-関連株,収益,H-投資有価証券等及び関連損益（収益）,3
6114000104,受取配当(取得原価)-関連出資,収益,H-投資有価証券等及び関連損益（収益）,3
6114000190,受取配当金(取得原価)-社内配分,収益,H-投資有価証券等及び関連損益（収益）,3
6115000002,金融商品売却益-投資有証,収益,UC-営業外収益,3
6115009900,金融資産売却益-(ローカル),収益,UC-営業外収益,3
6116000004,金融商品評価益(純損益)-投資事業組合,収益,UC-営業外収益,3
6116000203,金商評価損戻入(純損益)-デリバティブ,収益,UC-営業外収益,3
6118000001,為替差益-換算,収益,UC-営業外収益,3
6118000002,為替差益-決済,収益,UC-営業外収益,3
6118000090,為替差益-社内配分,収益,UC-営業外収益,3
6119909701,他金融収益-投資事業組合収益,収益,UC-営業外収益,3
6119909899,他金融収益-他,収益,UC-営業外収益,3
6211000001,借入金利息-長期一般,費用,M-借入金及び関連損益（費用）,4
6211000003,借入金利息-短期一般,費用,M-借入金及び関連損益（費用）,4
6211000004,借入金利息-当座借越,費用,M-借入金及び関連損益（費用）,4
6211000090,借入金利息-短期-社内配分,費用,M-借入金及び関連損益（費用）,4
6211000091,借入金利息-長期-社内配分,費用,M-借入金及び関連損益（費用）,4
6211000100,社債利息,費用,Q01-社債、CP及び関連損益（費用）,4
6211000200,CP利息,費用,Q01-社債、CP及び関連損益（費用）,4
6211009701,他支払利息-プーリング預り金,費用,Q01-社債、CP及び関連損益（費用）,4
6211009702,他支払利息-乙払利子,費用,Q01-社債、CP及び関連損益（費用）,4
6211009703,他支払利息-営業入金付帯利息,費用,Q01-社債、CP及び関連損益（費用）,4
6211009704,他支払利息-預り保証金利息,費用,Q01-社債、CP及び関連損益（費用）,4
6211009705,他支払利息-受託品利子,費用,Q01-社債、CP及び関連損益（費用）,4
6211009707,他支払利息-銀行引受手形割引支出,費用,Q01-社債、CP及び関連損益（費用）,4
6211009709,他支払利息-間接投資預託金利息,費用,Q01-社債、CP及び関連損益（費用）,4
6211009710,他支払利息-資産除去債務利息費用,費用,Q01-社債、CP及び関連損益（費用）,4
6211009890,その他の支払利息-社内配分,費用,Q01-社債、CP及び関連損益（費用）,4
6211009899,他支払利息-他,費用,Q01-社債、CP及び関連損益（費用）,4
6212000000,支払リース利息,費用,Q01-社債、CP及び関連損益（費用）,4
6215000002,金融商品売却損-投資有証,費用,VC-営業外費用,4
6215000090,金融商品売却損-社内配分,費用,VC-営業外費用,4
6215009900,金融商品売却損-(ローカル),費用,VC-営業外費用,4
6216000003,金融商品評価損(純損益)-デリバティブ,費用,VC-営業外費用,4
6216000004,金融商品評価損(純損益)-投資事業組合,費用,VC-営業外費用,4
6216000090,金融商品評価損(純損益測定)-社内配分,費用,VC-営業外費用,4
6216000099,金融商品評価損(純損益)-その他,費用,VC-営業外費用,4
6216009900,金融商品公正価値評価損-(ローカル),費用,VC-営業外費用,4
6219000001,為替差損-換算,費用,VC-営業外費用,4
6219000002,為替差損-決済,費用,VC-営業外費用,4
6219000090,為替差損-社内配分,費用,VC-営業外費用,4
6219909702,他金融費用-一般売上債権譲渡損,費用,VC-営業外費用,4
6219909890,その他の金融費用-社内配分,費用,VC-営業外費用,4
6219909899,他金融費用-他,費用,VC-営業外費用,4
7111000001,法人税等-法人税、住民税及び事業税,費用,O-未払税金・税効果（費用）,4
7111000002,法人税等-連結法人税個別帰属額(連納主),費用,O-未払税金・税効果（費用）,4
7111000003,法人税等-連結法人税個別帰属額(個社),費用,O-未払税金・税効果（費用）,4
7111000090,法人税等-当期税金-社内配分,費用,O-未払税金・税効果（費用）,4
7112000001,法人税等調整額-繰延税金費用,費用,O-未払税金・税効果（費用）,4
7112000090,法人税等調整額-繰延税金費用-社内配分,費用,O-未払税金・税効果（費用）,4
7813010000,FVTOCI(税前),純資産,H-投資有価証券等及び関連損益（純資産）,2
7813010090,FVTOCI(税前)-社内配分,純資産,H-投資有価証券等及び関連損益（純資産）,2
7813110000,FVTOCI(税額),純資産,H-投資有価証券等及び関連損益（純資産）,2
7813110090,FVTOCI(税額)-社内配分,純資産,H-投資有価証券等及び関連損益（純資産）,2
7814010000,ヘッジ(税前),純資産,S02-デリバティブ・ヘッジ（純資産）,2
7814010090,ヘッジ(税前)-社内配分,純資産,S02-デリバティブ・ヘッジ（純資産）,2
7814110000,ヘッジ(税額),純資産,S02-デリバティブ・ヘッジ（純資産）,2
8131000000,経費決済,費用,間接費,4
8131001110,少額資産費-少額の減価償却資産,費用,間接費,4
8131001120,少額資産費-修理費,費用,間接費,4
8131001130,少額資産費-治工具-少額の減価償却資産,費用,間接費,4
8131001140,少額資産費-治工具修理費,費用,間接費,4
8131001150,少額資産費-一括償却資産,費用,間接費,4
8131001170,少額資産費-治工具-一括償却資産,費用,間接費,4
8131001210,消耗品費-現業用消耗品費,費用,間接費,4
8131001220,消耗品費-事務用消耗品費,費用,間接費,4
8131002100,役員報酬,費用,間接費,4
8131002210,賃金(間接)-本給,費用,間接費,4
8131002240,賃金(間接)-時間外手当,費用,間接費,4
8131002280,賃金(間接)-通勤手当,費用,間接費,4
8131002290,賃金(間接)-その他,費用,間接費,4
8131002310,雑給(間接)-基準内賃金,費用,間接費,4
8131002320,雑給(間接)-時間外手当,費用,間接費,4
8131002330,雑給(間接)-寸志,費用,間接費,4
8131002390,雑給(間接)-その他,費用,間接費,4
8131002400,無作業賃金(間接)-その他,費用,間接費,4
8131002510,賞与(間接)-賞与引当額,費用,間接費,4
8131002520,賞与(間接)-賞与支払差額,費用,間接費,4
8131002600,退職給付費用　一時金(間接),費用,間接費,4
8131002700,退職給付費用　年金(間接),費用,間接費,4
8131002810,社会保険料(間接)-労災保険料,費用,間接費,4
8131002820,社会保険料(間接)-健康保険料,費用,間接費,4
8131002830,社会保険料(間接)-厚生年金保険料,費用,間接費,4
8131002840,社会保険料(間接)-雇用保険料,費用,間接費,4
8131002850,社会保険料(間接)-介護保険料,費用,間接費,4
8131002910,退職給付費用その他(間)-一時金支払差額,費用,間接費,4
8131002920,退職給付費用その他(間接)-確定拠出年金,費用,間接費,4
8131003110,厚生費-慰安費,費用,間接費,4
8131003120,厚生費-保健扶助費,費用,間接費,4
8131003130,厚生費-物品給与費,費用,間接費,4
8131003140,厚生費-支払厚生費,費用,間接費,4
8131003150,厚生費-育英資金,費用,間接費,4
8131003160,厚生費-定年退職者医療保険料,費用,間接費,4
8131003210,福利施設負担額-病院,費用,間接費,4
8131003220,福利施設負担額-クラブ,費用,間接費,4
8131003290,福利施設負担額-その他福利施設負担額,費用,間接費,4
8131004110,減価償却費-一般有形固定資産,費用,間接費,4
8131004120,減価償却費-オペレーティングリース資産,費用,間接費,4
8131004130,減価償却費-治工具,費用,間接費,4
8131004140,減価償却費-一般無形固定資産,費用,間接費,4
8131004150,減価償却費-有形リース資産,費用,間接費,4
8131004160,減価償却費-無形リース資産,費用,間接費,4
8131004210,賃借料-その他オペレーティング・リース料,費用,間接費,4
8131004211,賃借料-レンタル料,費用,間接費,4
8131004220,賃借料-ファイナンス（消費税分割計上）,費用,間接費,4
8131004230,賃借料-オペレーティング（土地・家屋）,費用,間接費,4
8131004240,賃借料-ファイナンス（消費税一括計上）,費用,間接費,4
8131004310,保険料-火災保険料,費用,間接費,4
8131004390,保険料-その他保険料,費用,間接費,4
8131004420,営繕費,費用,間接費,4
8131004520,機械修繕費-機械修繕費,費用,間接費,4
8131004530,機械修繕費-リース維持管理費,費用,間接費,4
8131004600,販売用ソフト償却費,費用,間接費,4
8131004700,自社利用ソフト償却費,費用,間接費,4
8131004810,資産除去債務費用-資産除去債務利息費用,費用,間接費,4
8131004820,資産除去債務関連費用-資産除去費用支出差,費用,間接費,4
8131005110,電力照明費-電力費,費用,間接費,4
8131005120,電力照明費-蒸気費,費用,間接費,4
8131005130,電力照明費-コンプレッサー費,費用,間接費,4
8131005190,電力照明費-その他電力照明費,費用,間接費,4
8131005200,水道費,費用,間接費,4
8131005300,冷暖房費,費用,間接費,4
8131005510,運搬費-構内,費用,間接費,4
8131005520,運搬費-赴任引越費,費用,間接費,4
8131005530,運搬費-保管料,費用,間接費,4
8131005590,運搬費-その他運搬費,費用,間接費,4
8131006110,旅費-一般旅費,費用,間接費,4
8131006120,旅費-ハイヤー、タクシー代,費用,間接費,4
8131006190,旅費-その他国内旅費,費用,間接費,4
8131006210,通信費-電話料,費用,間接費,4
8131006220,通信費-台数割電話料,費用,間接費,4
8131006230,通信費-電信料,費用,間接費,4
8131006240,通信費-郵便料,費用,間接費,4
8131006290,通信費-その他通信費,費用,間接費,4
8131006310,交際費-一般飲食代（交際費控除）,費用,間接費,4
8131006311,交際費-一般飲食代（交際費）,費用,間接費,4
8131006320,交際費-その他交際費,費用,間接費,4
8131006410,ソフト外注経費-ソフト外注経費,費用,間接費,4
8131006420,ソフト外注経費-ソフト派遣外注経費,費用,間接費,4
8131006510,募集費-募集広告費,費用,間接費,4
8131006520,募集費-選考者旅費,費用,間接費,4
8131006530,募集費-応募者旅費,費用,間接費,4
8131006540,募集費-応募者見学旅費,費用,間接費,4
8131006570,特別募集費（一般飲食代交際費控除）,費用,間接費,4
8131006571,特別募集費（一般飲食代交際費）,費用,間接費,4
8131006580,募集費-特別募集費,費用,間接費,4
8131006590,募集費-その他募集費,費用,間接費,4
8131006710,租税-固定資産税,費用,間接費,4
8131006720,租税-印紙税,費用,間接費,4
8131006790,租税-その他租税,費用,間接費,4
8131006810,海外渡航費-一般渡航費,費用,間接費,4
8131006820,海外渡航費-渡航交際費,費用,間接費,4
8131006830,渡航交際費（一般飲食代交際費控除）,費用,間接費,4
8131006831,渡航交際費（一般飲食代交際費）,費用,間接費,4
8131006910,一般外注経費-一般外注経費,費用,間接費,4
8131006920,一般外注経費-間接外注経費,費用,間接費,4
8131006930,一般外注経費-一般派遣外注経費,費用,間接費,4
8131007110,研究費-自家研究費,費用,間接費,4
8131007120,研究費-委託研究費,費用,間接費,4
8131007210,広告宣伝費-マス媒体,費用,間接費,4
8131007290,広告宣伝費-展博・看板・その他,費用,間接費,4
8131007310,販売促進費-一般行事費,費用,間接費,4
8131007320,販売促進費-特別行事費,費用,間接費,4
8131007330,特別行事費（一般飲食代交際費控除）,費用,間接費,4
8131007331,特別行事費（一般飲食代交際費）,費用,間接費,4
8131007390,販売促進費-カタログ費他,費用,間接費,4
8131007410,寄付金-指定寄付金,費用,間接費,4
8131007420,寄付金-特定公益増進法人への寄付金,費用,間接費,4
8131007430,寄付金-一般寄付金,費用,間接費,4
8131007500,課金,費用,間接費,4
8131007610,自社利用ソフト-自社利用ソフトウェア１,費用,間接費,4
8131007620,自社利用ソフト-自社利用ソフトウェア２,費用,間接費,4
8131007630,自社利用ソフト-販売用ソフト内販取引,費用,間接費,4
8131007710,相互手配販売手数料-受取販売手数料,費用,間接費,4
8131007720,相互手配販売手数料-支払販売手数料,費用,間接費,4
8131007800,棚卸減耗費,費用,間接費,4
8131007910,雑費-会議費,費用,間接費,4
8131007920,雑費-教育関係費,費用,間接費,4
8131007930,雑費-表彰関係費,費用,間接費,4
8131007940,雑費-市場調査費,費用,間接費,4
8131007950,雑費-特許関係費,費用,間接費,4
8131007960,雑費-銀行手数料,費用,間接費,4
8131007970,雑費-手帳カレンダー費,費用,間接費,4
8131007980,雑費-図書費,費用,間接費,4
8131007990,雑費-その他雑費,費用,間接費,4
8131009210,他勘定振替額-研究費振替額,費用,間接費,4
8131009220,他勘定振替額-研究費負担額,費用,間接費,4
8131009230,他勘定振替額-教育関係費振替額,費用,間接費,4
8131009240,他勘定振替額-教育関係費負担額,費用,間接費,4
8131009250,他勘定振替額-住宅関係費振替額,費用,間接費,4
8131009260,他勘定振替額-住宅関係費負担額,費用,間接費,4
8131009270,他勘定振替額-その他他勘定振替額,費用,間接費,4
8131009280,他勘定振替額-その他他勘定負担額,費用,間接費,4
8131009290,他勘定振替額-土地・家屋賃貸収入,費用,間接費,4
8131009390,原価外経費振替額-その他原価外経費振替額,費用,間接費,4
8131009400,作業屑戻入,費用,間接費,4
8131009510,特別部門戻入額-宣伝減価償却費,費用,間接費,4
8131009590,特別部門戻入額-その他特別部門戻入額,費用,間接費,4
8131009610,補助部門費配賦額-材料部費,費用,間接費,4
8131009620,補助部門費配賦額-勤労部費・教育部費,費用,間接費,4
8131009630,補助部門費配賦額-福利部費・住宅部費,費用,間接費,4
8131009640,補助部門費配賦額-工務部費,費用,間接費,4
8131009650,補助部門費配賦額-技術部費,費用,間接費,4
8131009670,補助部門費配賦額-研究部費,費用,間接費,4
8131009680,補助部門費配賦額-事務計算部費,費用,間接費,4
8131009690,補助部門費配賦額-事務部費,費用,間接費,4
8131009700,補助部門費配賦額戻入,費用,間接費,4
8131009800,補助部門費残控除,費用,間接費,4
8299000001,包括利益計算書脚注利益繰延,資産,通過勘定,0
9000000001,固定資産通過勘定-資産取得仮(指図),資産,通過勘定,0
9000000008,固定資産通過勘定-ソフトウェア計上仮勘定,資産,通過勘定,0
9000000009,固定資産通過勘定-治工具計上仮勘定,資産,通過勘定,0
9000000010,固定資産通過-ソフト計上仮(内販修正),資産,通過勘定,0
9000000012,固定資産通過-資産取得仮勘定(内販修正),資産,通過勘定,0
9000000013,,資産,通過勘定,0
9000000020,ALE連携-投入原価（間接費）,資産,通過勘定,0
9100000001,PL通過勘定1,資産,通過勘定,0
9110000050,伝票明細分割導入勘定,資産,通過勘定,0
9110000070,口座間送金,資産,通過勘定,0
9110000080,為替差損益（システム連携）,資産,通過勘定,0
9110000110,支払代行,資産,通過勘定,0
9110000120,相殺勘定(キャッシュ勘定),資産,通過勘定,0
9110000132,支払リース料仮勘定(消込),資産,通過勘定,0
9110000210,未消込残高繰越勘定,資産,通過勘定,0
9210000010,BS通過勘定1,資産,通過勘定,0
9210000020,BS通過勘定2,資産,通過勘定,0
9210000030,BS通過勘定3,資産,通過勘定,0
9210000040,BS通過勘定4,資産,通過勘定,0
9210000050,BS通過勘定5,資産,通過勘定,0
9210000060,BS通過勘定6,資産,通過勘定,0
9210000070,BS通過勘定7,資産,通過勘定,0
9210000080,BS通過勘定8,資産,通過勘定,0
9210000090,BS通過勘定9,資産,通過勘定,0
9210000100,BS通過勘定10,資産,通過勘定,0
